trial,sample_rate_hz,prefix,phase_start_frame,phase_start_sec,event_frame,event_sec,phase_end_frame,phase_end_sec,swing_time_sec,bat_axis_angle_deg,bat1_speed_kmh,bat4_speed_kmh,hand_speed_kmh,hand_marker,hip_rotation_deg,hip_shoulder_sep_deg,lead_knee_angle_deg,trunk_tilt_deg,head_stability_pct,attack_angle_deg
0506Coach_wave,100.0,0506CoachBat,94,0.93,100,0.99,110,1.09,0.16000000000000003,-27.10496762828978,131.71713989853586,87.88408771813447,39.43156886008724,LFIN,34.52344649261758,36.177888520631456,136.43490627985506,24.26157892082488,49.17410266574299,-27.10496762828978
Julian_wave02,100.0,Julian,247,2.46,257,2.56,279,2.78,0.31999999999999984,-26.255109777700383,74.01856416879158,45.31067527618277,18.95373289602105,RFIN,99.43172260379255,9.657297413228378,164.7331059892133,41.205823146415625,48.62288822743031,-26.255109777700383
